14:09:53,5048,860,4341280
14:09:53,5048,860,4341280
14:09:53,5048,880,4442240
14:09:53,5048,880,4442240
14:09:53,5048,880,4442240
14:09:53,5048,900,4543200
14:09:53,5048,900,4543200
14:09:53,5048,900,4543200
14:09:53,5048,900,4543200
14:09:53,5048,900,4543200
14:09:53,5048,900,4543200
14:09:53,5048,920,4644160
14:09:53,5048,920,4644160
14:09:53,5048,920,4644160
14:09:53,5048,920,4644160
14:09:53,5048,920,4644160
14:09:54,5048,920,4644160
14:09:54,5048,920,4644160
14:09:54,5048,920,4644160
14:09:54,5048,920,4644160
14:09:54,5048,920,4644160
14:09:54,5048,940,4745120
14:09:54,5048,940,4745120
14:09:54,5048,940,4745120
14:09:54,5048,940,4745120
14:09:54,5048,940,4745120
14:09:54,5048,940,4745120
14:09:54,5048,940,4745120
14:09:54,5048,940,4745120
14:09:54,5048,940,4745120
14:09:54,5048,940,4745120
14:09:54,5048,940,4745120
14:09:54,5048,940,4745120
14:09:54,5048,940,4745120
14:09:54,5048,940,4745120
14:09:54,5048,940,4745120
14:09:54,5048,960,4846080
14:09:54,5048,960,4846080
14:09:54,5048,960,4846080
14:09:54,5048,960,4846080
14:09:54,5048,960,4846080
14:09:54,5048,960,4846080
14:09:54,5048,960,4846080
14:09:54,5048,960,4846080
14:09:54,5048,960,4846080
14:09:54,5048,960,4846080
14:09:54,5048,960,4846080
14:09:54,5048,960,4846080
14:09:55,5048,960,4846080
14:09:55,5048,960,4846080
14:09:55,5048,960,4846080
14:09:55,5048,960,4846080
14:09:55,5048,960,4846080
14:09:55,5048,960,4846080
14:09:55,5048,960,4846080
14:09:55,5048,960,4846080
14:09:55,5048,960,4846080
14:09:55,5048,960,4846080
14:09:55,5048,960,4846080
14:09:55,5048,960,4846080
14:09:55,5048,960,4846080
14:09:55,5048,960,4846080
14:09:55,5048,960,4846080
14:09:55,5048,960,4846080
14:09:55,5048,960,4846080
14:09:55,5048,960,4846080
14:09:55,5048,960,4846080
14:09:55,5048,960,4846080
14:09:55,5048,960,4846080
14:09:55,5048,960,4846080
14:09:55,5048,960,4846080
14:09:55,5048,960,4846080
14:09:55,5048,960,4846080
14:09:55,5048,960,4846080
14:09:55,5048,960,4846080
14:09:55,5048,960,4846080
14:09:55,5048,960,4846080
14:09:55,5048,960,4846080
14:09:55,5048,960,4846080
14:09:55,5048,960,4846080
14:09:55,5048,960,4846080
14:09:56,5048,960,4846080
14:09:56,5048,960,4846080
14:09:56,5048,960,4846080
14:09:56,5048,960,4846080
14:09:56,5048,960,4846080
14:09:56,5048,960,4846080
14:09:56,5048,960,4846080
14:09:56,5048,960,4846080
14:09:56,5048,960,4846080
14:09:56,5048,960,4846080
14:09:56,5048,960,4846080
14:09:56,5048,960,4846080
14:09:56,5048,960,4846080
14:09:56,5048,960,4846080
14:09:56,5048,960,4846080
14:09:56,5048,960,4846080
14:09:56,5048,960,4846080
14:09:56,5048,960,4846080
14:09:56,5048,960,4846080
14:09:56,5048,960,4846080
14:09:56,5048,960,4846080
14:09:56,5048,960,4846080
14:09:56,5048,960,4846080
14:09:56,5048,960,4846080
14:09:56,5048,960,4846080
14:09:56,5048,960,4846080
14:09:56,5048,960,4846080
14:09:56,5048,960,4846080
14:09:56,5048,960,4846080
14:09:56,5048,960,4846080
14:09:56,5048,960,4846080
14:09:56,5048,960,4846080
14:09:57,5048,960,4846080
14:09:57,5048,960,4846080
14:09:57,5048,960,4846080
14:09:57,5048,960,4846080
14:09:57,5048,960,4846080
14:09:57,5048,960,4846080
14:09:57,5048,960,4846080
14:09:57,5048,960,4846080
14:09:57,5048,960,4846080
14:09:57,5048,960,4846080
14:09:57,5048,960,4846080
14:09:57,5048,960,4846080
14:09:57,5048,960,4846080
14:09:57,5048,960,4846080
14:09:57,5048,960,4846080
14:09:57,5048,960,4846080
14:09:57,5048,960,4846080
14:09:57,5048,960,4846080
14:09:57,5048,960,4846080
14:09:57,5048,960,4846080
14:09:57,5048,960,4846080
14:09:57,5048,960,4846080
14:09:57,5048,960,4846080
14:09:57,5048,960,4846080
14:09:57,5048,960,4846080
14:09:57,5048,960,4846080
14:09:57,5048,960,4846080
14:09:57,5048,960,4846080
14:09:57,5048,960,4846080
14:09:57,5048,960,4846080
14:09:57,5048,960,4846080
14:09:57,5048,960,4846080
14:09:58,5048,960,4846080
14:09:58,5048,960,4846080
14:09:58,5048,960,4846080
14:09:58,5048,960,4846080
14:09:58,5048,960,4846080
14:09:58,5048,960,4846080
14:09:58,5048,960,4846080
14:09:58,5048,960,4846080
14:09:58,5048,960,4846080
14:09:58,5048,960,4846080
14:09:58,5048,960,4846080
14:09:58,5048,960,4846080
14:09:58,5048,960,4846080
14:09:58,5048,960,4846080
14:09:58,5048,960,4846080
14:09:58,5048,960,4846080
14:09:58,5048,960,4846080
14:09:58,5048,960,4846080
14:09:58,5048,960,4846080
14:09:58,5048,960,4846080
14:09:58,5048,960,4846080
14:09:58,5048,960,4846080
14:09:58,5048,960,4846080
14:09:58,5048,960,4846080
14:09:58,5048,960,4846080
14:09:58,5048,960,4846080
14:09:58,5048,960,4846080
14:09:58,5048,960,4846080
14:09:58,5048,960,4846080
14:09:58,5048,960,4846080
14:09:58,5048,960,4846080
14:09:58,5048,960,4846080
14:09:59,5048,960,4846080
14:09:59,5048,960,4846080
14:09:59,5048,960,4846080
14:09:59,5048,960,4846080
14:09:59,5048,960,4846080
14:09:59,5048,960,4846080
14:09:59,5048,960,4846080
14:09:59,5048,960,4846080
14:09:59,5048,960,4846080
14:09:59,5048,960,4846080
14:09:59,5048,960,4846080
14:09:59,5048,960,4846080
14:09:59,5048,960,4846080
14:09:59,5048,960,4846080
14:09:59,5048,960,4846080
14:09:59,5048,960,4846080
14:09:59,5048,960,4846080
14:09:59,5048,960,4846080
14:09:59,5048,960,4846080
14:09:59,5048,960,4846080
14:09:59,5048,960,4846080
14:09:59,5048,960,4846080
14:09:59,5048,960,4846080
14:09:59,5048,960,4846080
14:09:59,5048,960,4846080
14:09:59,5048,960,4846080
14:09:59,5048,960,4846080
14:09:59,5048,960,4846080
14:09:59,5048,960,4846080
14:09:59,5048,980,4947040
14:09:59,5048,980,4947040
14:09:59,5048,980,4947040
14:10:00,5048,980,4947040
14:10:00,5048,980,4947040
14:10:00,5048,980,4947040
14:10:00,5048,1000,5048000
14:10:00,5048,980,4947040
14:10:00,5048,980,4947040
14:10:00,5048,980,4947040
14:10:00,5048,980,4947040
14:10:00,5048,980,4947040
14:10:00,5048,980,4947040
14:10:00,5048,980,4947040
14:10:00,5048,980,4947040
14:10:00,5048,980,4947040
14:10:00,5048,960,4846080
14:10:00,5048,960,4846080
14:10:00,5048,960,4846080
14:10:00,5048,960,4846080
14:10:00,5048,960,4846080
14:10:00,5048,960,4846080
14:10:00,5048,960,4846080
14:10:00,5048,960,4846080
14:10:00,5048,960,4846080
14:10:00,5048,960,4846080
14:10:00,5048,960,4846080
14:10:00,5048,960,4846080
14:10:00,5048,960,4846080
14:10:00,5048,960,4846080
14:10:00,5048,960,4846080
14:10:00,5048,960,4846080
14:10:00,5048,960,4846080
14:10:00,5048,960,4846080
14:10:00,5048,980,4947040
14:10:00,5048,980,4947040
14:10:01,5048,980,4947040
14:10:01,5048,980,4947040
14:10:01,5048,1000,5048000
14:10:01,5048,1000,5048000
14:10:01,5048,1000,5048000
14:10:01,5048,1000,5048000
14:10:01,5048,1000,5048000
14:10:01,5048,1000,5048000
14:10:01,5048,1000,5048000
14:10:01,5048,1000,5048000
14:10:01,5048,1000,5048000
14:10:01,5048,1000,5048000
14:10:01,5048,1000,5048000
14:10:01,5048,1000,5048000
14:10:01,5048,1000,5048000
14:10:01,5048,1000,5048000
14:10:01,5048,1000,5048000
14:10:01,5048,1000,5048000
14:10:01,5048,1000,5048000
14:10:01,5048,1000,5048000
14:10:01,5048,1000,5048000
14:10:01,5048,1000,5048000
14:10:01,5048,1000,5048000
14:10:01,5048,980,4947040
14:10:01,5048,980,4947040
14:10:01,5048,980,4947040
14:10:01,5048,980,4947040
14:10:01,5048,980,4947040
14:10:01,5048,980,4947040
14:10:01,5048,980,4947040
14:10:01,5048,980,4947040
14:10:01,5048,980,4947040
14:10:01,5048,980,4947040
14:10:02,5048,980,4947040
14:10:02,5048,1000,5048000
14:10:02,5048,1000,5048000
14:10:02,5048,1000,5048000
14:10:02,5048,1000,5048000
14:10:02,5048,1000,5048000
14:10:02,5048,1000,5048000
14:10:02,5048,1000,5048000
14:10:02,5048,1000,5048000
14:10:02,5048,1000,5048000
14:10:02,5048,1000,5048000
14:10:02,5048,1000,5048000
14:10:02,5048,1000,5048000
14:10:02,5048,1000,5048000
14:10:02,5048,1000,5048000
14:10:02,5048,1000,5048000
14:10:02,5048,1000,5048000
14:10:02,5048,1000,5048000
14:10:02,5048,1000,5048000
14:10:02,5048,1000,5048000
14:10:02,5048,1000,5048000
14:10:02,5048,1000,5048000
14:10:02,5048,1000,5048000
14:10:02,5048,1000,5048000
14:10:02,5048,1000,5048000
14:10:02,5048,1000,5048000
14:10:02,5048,1000,5048000
14:10:02,5048,1000,5048000
14:10:02,5048,1000,5048000
14:10:02,5048,1000,5048000
14:10:02,5048,1000,5048000
14:10:02,5048,1000,5048000
14:10:02,5048,1000,5048000
14:10:02,5048,1000,5048000
14:10:03,5048,1000,5048000
14:10:03,5048,1000,5048000
14:10:03,5048,1000,5048000
14:10:03,5048,1000,5048000
14:10:03,5048,1000,5048000
14:10:03,5048,980,4947040
14:10:03,5048,980,4947040
14:10:03,5048,980,4947040
14:10:03,5048,980,4947040
14:10:03,5048,980,4947040
14:10:03,5048,980,4947040
14:10:03,5048,980,4947040
14:10:03,5048,980,4947040
14:10:03,5048,980,4947040
14:10:03,5048,980,4947040
14:10:03,5048,980,4947040
14:10:03,5048,980,4947040
14:10:03,5048,980,4947040
14:10:03,5048,980,4947040
14:10:03,5048,980,4947040
14:10:03,5048,980,4947040
14:10:03,5048,980,4947040
14:10:03,5048,980,4947040
14:10:03,5048,980,4947040
14:10:03,5048,980,4947040
14:10:03,5048,980,4947040
14:10:03,5048,980,4947040
14:10:03,5048,980,4947040
14:10:03,5048,980,4947040
14:10:03,5048,980,4947040
14:10:03,5048,980,4947040
14:10:03,5048,980,4947040
14:10:03,5048,980,4947040
14:10:03,5048,980,4947040
14:10:03,5048,980,4947040
14:10:04,5048,980,4947040
14:10:04,5048,980,4947040
14:10:04,5048,980,4947040
14:10:04,5048,980,4947040
14:10:04,5048,980,4947040
14:10:04,5048,980,4947040
14:10:04,5048,980,4947040
14:10:04,5048,980,4947040
14:10:04,5048,980,4947040
14:10:04,5048,980,4947040
14:10:04,5048,980,4947040
14:10:04,5048,980,4947040
14:10:04,5048,980,4947040
14:10:04,5048,980,4947040
14:10:04,5048,980,4947040
14:10:04,5048,980,4947040
14:10:04,5048,980,4947040
14:10:04,5048,980,4947040
14:10:04,5048,980,4947040
14:10:04,5048,980,4947040
14:10:04,5048,980,4947040
14:10:04,5048,980,4947040
14:10:04,5048,980,4947040
14:10:04,5048,980,4947040
14:10:04,5048,980,4947040
14:10:04,5048,980,4947040
14:10:04,5048,980,4947040
14:10:04,5048,980,4947040
14:10:04,5048,1000,5048000
14:10:04,5048,1000,5048000
14:10:04,5048,1000,5048000
14:10:04,5048,1000,5048000
14:10:04,5048,1000,5048000
14:10:04,5048,1000,5048000
14:10:05,5048,980,4947040
14:10:05,5048,1000,5048000
14:10:05,5048,1000,5048000
14:10:05,5048,1000,5048000
14:10:05,5048,980,4947040
14:10:05,5048,980,4947040
14:10:05,5048,1000,5048000
14:10:05,5048,980,4947040
14:10:05,5048,980,4947040
14:10:05,5048,980,4947040
14:10:05,5048,980,4947040
14:10:05,5048,980,4947040
14:10:05,5048,980,4947040
14:10:05,5048,980,4947040
14:10:05,5048,980,4947040
14:10:05,5048,980,4947040
14:10:05,5048,980,4947040
14:10:05,5048,980,4947040
14:10:05,5048,980,4947040
14:10:05,5048,980,4947040
14:10:05,5048,980,4947040
14:10:05,5048,980,4947040
14:10:05,5048,980,4947040
14:10:05,5048,980,4947040
14:10:05,5048,980,4947040
14:10:05,5048,980,4947040
14:10:05,5048,980,4947040
14:10:05,5048,980,4947040
14:10:05,5048,980,4947040
14:10:05,5048,980,4947040
14:10:05,5048,980,4947040
14:10:05,5048,980,4947040
14:10:05,5048,1000,5048000
14:10:05,5048,1000,5048000
14:10:06,5048,1000,5048000
14:10:06,5048,1000,5048000
14:10:06,5048,1000,5048000
14:10:06,5048,1000,5048000
14:10:06,5048,1000,5048000
14:10:06,5048,1000,5048000
14:10:06,5048,1000,5048000
14:10:06,5048,980,4947040
14:10:06,5048,980,4947040
14:10:06,5048,980,4947040
14:10:06,5048,980,4947040
14:10:06,5048,980,4947040
14:10:06,5048,980,4947040
14:10:06,5048,980,4947040
14:10:06,5048,980,4947040
14:10:06,5048,980,4947040
14:10:06,5048,980,4947040
14:10:06,5048,980,4947040
14:10:06,5048,980,4947040
14:10:06,5048,980,4947040
14:10:06,5048,980,4947040
14:10:06,5048,980,4947040
14:10:06,5048,980,4947040
14:10:06,5048,980,4947040
14:10:06,5048,980,4947040
14:10:06,5048,980,4947040
14:10:06,5048,980,4947040
14:10:06,5048,980,4947040
14:10:06,5048,980,4947040
14:10:06,5048,980,4947040
14:10:06,5048,980,4947040
14:10:06,5048,980,4947040
14:10:06,5048,980,4947040
14:10:06,5048,980,4947040
14:10:06,5048,980,4947040
14:10:07,5048,980,4947040
14:10:07,5048,980,4947040
14:10:07,5048,980,4947040
14:10:07,5048,980,4947040
14:10:07,5048,980,4947040
14:10:07,5048,980,4947040
14:10:07,5048,980,4947040
14:10:07,5048,980,4947040
14:10:07,5048,960,4846080
14:10:07,5048,980,4947040
14:10:07,5048,980,4947040
14:10:07,5048,960,4846080
14:10:07,5048,960,4846080
14:10:07,5048,980,4947040
14:10:07,5048,960,4846080
14:10:07,5048,960,4846080
14:10:07,5048,960,4846080
14:10:07,5048,980,4947040
14:10:07,5048,960,4846080
14:10:07,5048,960,4846080
14:10:07,5048,960,4846080
14:10:07,5048,960,4846080
14:10:07,5048,960,4846080
14:10:07,5048,960,4846080
14:10:07,5048,960,4846080
14:10:07,5048,960,4846080
14:10:07,5048,960,4846080
14:10:08,5048,960,4846080
14:10:08,5048,960,4846080
14:10:08,5048,960,4846080
14:10:08,5048,960,4846080
14:10:08,5048,960,4846080
14:10:08,5048,960,4846080
14:10:08,5048,960,4846080
14:10:08,5048,960,4846080
14:10:08,5048,960,4846080
14:10:08,5048,960,4846080
14:10:08,5048,960,4846080
14:10:08,5048,960,4846080
14:10:08,5048,960,4846080
14:10:08,5048,960,4846080
14:10:08,5048,980,4947040
14:10:08,5048,980,4947040
14:10:08,5048,980,4947040
14:10:08,5048,980,4947040
14:10:08,5048,980,4947040
14:10:08,5048,980,4947040
14:10:08,5048,980,4947040
14:10:08,5048,980,4947040
14:10:08,5048,980,4947040
14:10:08,5048,980,4947040
14:10:08,5048,980,4947040
14:10:08,5048,980,4947040
14:10:08,5048,980,4947040
14:10:08,5048,980,4947040
14:10:08,5048,980,4947040
14:10:08,5048,980,4947040
14:10:08,5048,980,4947040
14:10:08,5048,980,4947040
14:10:08,5048,980,4947040
14:10:08,5048,960,4846080
14:10:09,5048,960,4846080
14:10:09,5048,960,4846080
14:10:09,5048,960,4846080
14:10:09,5048,960,4846080
14:10:09,5048,960,4846080
14:10:09,5048,960,4846080
14:10:09,5048,960,4846080
14:10:09,5048,960,4846080
14:10:09,5048,960,4846080
14:10:09,5048,960,4846080
14:10:09,5048,960,4846080
14:10:09,5048,960,4846080
14:10:09,5048,960,4846080
14:10:09,5048,960,4846080
14:10:09,5048,960,4846080
14:10:09,5048,960,4846080
14:10:09,5048,960,4846080
14:10:09,5048,960,4846080
14:10:09,5048,960,4846080
14:10:09,5048,960,4846080
14:10:09,5048,960,4846080
14:10:09,5048,980,4947040
14:10:09,5048,980,4947040
14:10:09,5048,980,4947040
14:10:09,5048,980,4947040
14:10:09,5048,980,4947040
14:10:09,5048,980,4947040
14:10:09,5048,980,4947040
14:10:09,5048,980,4947040
14:10:09,5048,980,4947040
14:10:09,5048,980,4947040
14:10:09,5048,980,4947040
14:10:10,5048,980,4947040
14:10:10,5048,980,4947040
14:10:10,5048,980,4947040
14:10:10,5048,960,4846080
14:10:10,5048,960,4846080
14:10:10,5048,960,4846080
14:10:10,5048,960,4846080
14:10:10,5048,960,4846080
14:10:10,5048,960,4846080
14:10:10,5048,960,4846080
14:10:10,5048,960,4846080
14:10:10,5048,960,4846080
14:10:10,5048,960,4846080
14:10:10,5048,960,4846080
14:10:10,5048,960,4846080
14:10:10,5048,960,4846080
14:10:10,5048,960,4846080
14:10:10,5048,960,4846080
14:10:10,5048,960,4846080
14:10:10,5048,960,4846080
14:10:10,5048,960,4846080
14:10:10,5048,960,4846080
14:10:10,5048,960,4846080
14:10:10,5048,960,4846080
14:10:10,5048,960,4846080
14:10:10,5048,960,4846080
14:10:10,5048,960,4846080
14:10:10,5048,960,4846080
14:10:10,5048,960,4846080
14:10:10,5048,960,4846080
14:10:10,5048,960,4846080
14:10:11,5048,960,4846080
14:10:11,5048,960,4846080
14:10:11,5048,960,4846080
14:10:11,5048,960,4846080
14:10:11,5048,960,4846080
14:10:11,5048,960,4846080
14:10:11,5048,960,4846080
14:10:11,5048,960,4846080
14:10:11,5048,960,4846080
14:10:11,5048,960,4846080
14:10:11,5048,960,4846080
14:10:11,5048,960,4846080
14:10:11,5048,960,4846080
14:10:11,5048,960,4846080
14:10:11,5048,960,4846080
14:10:11,5048,960,4846080
14:10:11,5048,960,4846080
14:10:11,5048,960,4846080
14:10:11,5048,960,4846080
14:10:11,5048,960,4846080
14:10:11,5048,960,4846080
14:10:11,5048,960,4846080
14:10:11,5048,960,4846080
14:10:11,5048,960,4846080
14:10:11,5048,960,4846080
14:10:11,5048,960,4846080
14:10:11,5048,960,4846080
14:10:11,5048,960,4846080
14:10:11,5048,960,4846080
14:10:11,5048,960,4846080
14:10:11,5048,960,4846080
14:10:11,5048,960,4846080
14:10:11,5048,960,4846080
14:10:12,5048,960,4846080
14:10:12,5048,960,4846080
14:10:12,5048,960,4846080
14:10:12,5048,960,4846080
14:10:12,5048,960,4846080
14:10:12,5048,960,4846080
14:10:12,5048,960,4846080
14:10:12,5048,960,4846080
14:10:12,5048,960,4846080
14:10:12,5048,960,4846080
14:10:12,5048,960,4846080
14:10:12,5048,960,4846080
14:10:12,5048,960,4846080
14:10:12,5048,960,4846080
14:10:12,5048,960,4846080
14:10:12,5048,960,4846080
14:10:12,5048,960,4846080
14:10:12,5048,960,4846080
14:10:12,5048,960,4846080
14:10:12,5048,960,4846080
14:10:12,5048,960,4846080
14:10:12,5048,960,4846080
14:10:12,5048,960,4846080
14:10:12,5048,960,4846080
14:10:12,5048,960,4846080
14:10:12,5048,960,4846080
14:10:12,5048,960,4846080
14:10:12,5048,960,4846080
14:10:12,5048,960,4846080
14:10:12,5048,960,4846080
14:10:12,5048,960,4846080
14:10:12,5048,960,4846080
14:10:13,5048,960,4846080
14:10:13,5048,960,4846080
14:10:13,5048,960,4846080
14:10:13,5048,960,4846080
14:10:13,5048,960,4846080
14:10:13,5048,960,4846080
14:10:13,5048,960,4846080
14:10:13,5048,960,4846080
14:10:13,5048,960,4846080
14:10:13,5048,960,4846080
14:10:13,5048,960,4846080
14:10:13,5048,960,4846080
14:10:13,5048,960,4846080
14:10:13,5048,960,4846080
14:10:13,5048,960,4846080
14:10:13,5048,960,4846080
14:10:13,5048,960,4846080
14:10:13,5048,960,4846080
14:10:13,5048,960,4846080
14:10:13,5048,960,4846080
14:10:13,5048,960,4846080
14:10:13,5048,960,4846080
14:10:13,5048,960,4846080
14:10:13,5048,960,4846080
14:10:13,5048,960,4846080
14:10:13,5048,960,4846080
14:10:13,5048,960,4846080
14:10:13,5048,960,4846080
14:10:13,5048,960,4846080
14:10:13,5048,960,4846080
14:10:13,5048,960,4846080
14:10:13,5048,960,4846080
14:10:14,5048,960,4846080
14:10:14,5048,960,4846080
14:10:14,5048,960,4846080
14:10:14,5048,960,4846080
14:10:14,5048,960,4846080
14:10:14,5048,960,4846080
14:10:14,5048,960,4846080
14:10:14,5048,960,4846080
14:10:14,5048,960,4846080
14:10:14,5048,960,4846080
14:10:14,5048,960,4846080
14:10:14,5048,960,4846080
14:10:14,5048,960,4846080
14:10:14,5048,960,4846080
14:10:14,5048,960,4846080
14:10:14,5048,960,4846080
14:10:14,5048,960,4846080
14:10:14,5048,960,4846080
14:10:14,5048,960,4846080
14:10:14,5048,960,4846080
14:10:14,5048,960,4846080
14:10:14,5048,960,4846080
14:10:14,5048,960,4846080
14:10:14,5048,960,4846080
14:10:14,5048,960,4846080
14:10:14,5048,960,4846080
14:10:14,5048,960,4846080
14:10:14,5048,960,4846080
14:10:14,5048,960,4846080
14:10:14,5048,960,4846080
14:10:14,5048,960,4846080
14:10:14,5048,960,4846080
14:10:15,5048,960,4846080
14:10:15,5048,960,4846080
14:10:15,5048,960,4846080
14:10:15,5048,960,4846080
14:10:15,5048,960,4846080
14:10:15,5048,960,4846080
14:10:15,5048,960,4846080
14:10:15,5048,960,4846080
14:10:15,5048,960,4846080
14:10:15,5048,960,4846080
14:10:15,5048,960,4846080
14:10:15,5048,960,4846080
14:10:15,5048,960,4846080
14:10:15,5048,960,4846080
14:10:15,5048,960,4846080
14:10:15,5048,960,4846080
14:10:15,5048,960,4846080
14:10:15,5048,960,4846080
14:10:15,5048,960,4846080
14:10:15,5048,960,4846080
14:10:15,5048,960,4846080
14:10:15,5048,960,4846080
14:10:15,5048,960,4846080
14:10:15,5048,960,4846080
14:10:15,5048,960,4846080
14:10:15,5048,960,4846080
14:10:15,5048,960,4846080
14:10:15,5048,960,4846080
14:10:15,5048,960,4846080
14:10:15,5048,960,4846080
14:10:15,5048,960,4846080
14:10:15,5048,960,4846080
14:10:16,5048,960,4846080
14:10:16,5048,960,4846080
14:10:16,5048,960,4846080
14:10:16,5048,960,4846080
14:10:16,5048,960,4846080
14:10:16,5048,960,4846080
14:10:16,5048,960,4846080
14:10:16,5048,960,4846080
14:10:16,5048,960,4846080
14:10:16,5048,960,4846080
14:10:16,5048,960,4846080
14:10:16,5048,960,4846080
14:10:16,5048,960,4846080
14:10:16,5048,960,4846080
14:10:16,5048,960,4846080
14:10:16,5048,960,4846080
14:10:16,5048,960,4846080
14:10:16,5048,960,4846080
14:10:16,5048,960,4846080
14:10:16,5048,960,4846080
14:10:16,5048,960,4846080
14:10:16,5048,960,4846080
14:10:16,5048,960,4846080
14:10:16,5048,960,4846080
14:10:16,5048,980,4947040
14:10:16,5048,980,4947040
14:10:16,5048,980,4947040
14:10:16,5048,980,4947040
14:10:16,5048,980,4947040
14:10:16,5048,980,4947040
14:10:16,5048,980,4947040
14:10:16,5048,980,4947040
14:10:16,5048,980,4947040
14:10:17,5048,980,4947040
14:10:17,5048,980,4947040
14:10:17,5048,980,4947040
14:10:17,5048,980,4947040
14:10:17,5048,980,4947040
14:10:17,5048,980,4947040
14:10:17,5048,980,4947040
14:10:17,5048,980,4947040
14:10:17,5048,960,4846080
14:10:17,5048,960,4846080
14:10:17,5048,960,4846080
14:10:17,5048,960,4846080
14:10:17,5048,960,4846080
14:10:17,5048,960,4846080
14:10:17,5048,960,4846080
14:10:17,5048,960,4846080
14:10:17,5048,960,4846080
14:10:17,5048,960,4846080
14:10:17,5048,960,4846080
14:10:17,5048,960,4846080
14:10:17,5048,960,4846080
14:10:17,5048,960,4846080
14:10:17,5048,960,4846080
14:10:17,5048,960,4846080
14:10:17,5048,960,4846080
14:10:17,5048,960,4846080
14:10:17,5048,960,4846080
14:10:17,5048,960,4846080
14:10:17,5048,960,4846080
14:10:17,5048,960,4846080
14:10:17,5048,960,4846080
14:10:17,5048,960,4846080
14:10:17,5048,960,4846080
14:10:18,5048,960,4846080
14:10:18,5048,960,4846080
14:10:18,5048,960,4846080
14:10:18,5048,960,4846080
14:10:18,5048,960,4846080
14:10:18,5048,960,4846080
14:10:18,5048,940,4745120
14:10:18,5048,960,4846080
14:10:18,5048,960,4846080
14:10:18,5048,960,4846080
14:10:18,5048,960,4846080
14:10:18,5048,940,4745120
14:10:18,5048,960,4846080
14:10:18,5048,960,4846080
14:10:18,5048,960,4846080
14:10:18,5048,960,4846080
14:10:18,5048,960,4846080
14:10:18,5048,960,4846080
14:10:18,5048,960,4846080
14:10:18,5048,960,4846080
14:10:18,5048,960,4846080
14:10:18,5048,960,4846080
14:10:18,5048,960,4846080
14:10:18,5048,960,4846080
14:10:18,5048,960,4846080
