14:08:55,19936,260,5183360
14:08:55,19936,280,5582080
14:08:55,19936,280,5582080
14:08:55,19936,280,5582080
14:08:55,19936,280,5582080
14:08:55,19936,280,5582080
14:08:55,19936,280,5582080
14:08:55,19936,280,5582080
14:08:55,19936,280,5582080
14:08:55,19936,280,5582080
14:08:55,19936,280,5582080
14:08:55,19936,280,5582080
14:08:56,19944,280,5584320
14:08:56,19944,280,5584320
14:08:56,19944,280,5584320
14:08:56,19944,280,5584320
14:08:56,19944,280,5584320
14:08:56,19944,280,5584320
14:08:56,19944,280,5584320
14:08:56,19944,280,5584320
14:08:56,19944,280,5584320
14:08:56,19944,280,5584320
14:08:56,19944,280,5584320
14:08:56,19944,280,5584320
14:08:56,19944,280,5584320
14:08:56,19944,280,5584320
14:08:56,19944,280,5584320
14:08:56,19944,280,5584320
14:08:56,19944,280,5584320
14:08:56,19944,280,5584320
14:08:56,19944,280,5584320
14:08:56,19944,280,5584320
14:08:56,19944,280,5584320
14:08:56,19944,280,5584320
14:08:56,19944,280,5584320
14:08:56,19944,280,5584320
14:08:56,19944,280,5584320
14:08:56,19944,280,5584320
14:08:56,19944,280,5584320
14:08:56,19944,280,5584320
14:08:56,19944,280,5584320
14:08:56,19944,280,5584320
14:08:56,19944,280,5584320
14:08:57,19944,280,5584320
14:08:57,19944,260,5185440
14:08:57,19944,260,5185440
14:08:57,19944,260,5185440
14:08:57,19944,260,5185440
14:08:57,19944,260,5185440
14:08:57,19944,260,5185440
14:08:57,19944,260,5185440
14:08:57,19944,260,5185440
14:08:57,19944,260,5185440
14:08:57,19944,260,5185440
14:08:57,19944,280,5584320
14:08:57,19944,260,5185440
14:08:57,19944,280,5584320
14:08:57,19944,280,5584320
14:08:57,19944,280,5584320
14:08:57,19944,260,5185440
14:08:57,19944,280,5584320
14:08:57,19944,280,5584320
14:08:57,19944,280,5584320
14:08:57,19944,260,5185440
14:08:57,19944,260,5185440
14:08:57,19944,280,5584320
14:08:57,19944,280,5584320
14:08:57,19944,280,5584320
14:08:57,19944,280,5584320
14:08:57,19944,280,5584320
14:08:57,19944,280,5584320
14:08:57,19944,280,5584320
14:08:57,19944,280,5584320
14:08:57,19944,280,5584320
14:08:57,19944,280,5584320
14:08:57,19944,280,5584320
14:08:58,19944,280,5584320
14:08:58,19944,260,5185440
14:08:58,19944,260,5185440
14:08:58,19944,260,5185440
14:08:58,19944,260,5185440
14:08:58,19944,260,5185440
14:08:58,19944,260,5185440
14:08:58,19944,260,5185440
14:08:58,19944,260,5185440
14:08:58,19944,260,5185440
14:08:58,19944,260,5185440
14:08:58,19944,260,5185440
14:08:58,19944,260,5185440
14:08:58,19944,260,5185440
14:08:58,19944,260,5185440
14:08:58,19944,260,5185440
14:08:58,19944,260,5185440
14:08:58,19944,260,5185440
14:08:58,19944,260,5185440
14:08:58,19944,260,5185440
14:08:58,19944,260,5185440
14:08:58,19944,260,5185440
14:08:58,19944,260,5185440
14:08:58,19944,260,5185440
14:08:58,19944,260,5185440
14:08:58,19944,260,5185440
14:08:58,19944,260,5185440
14:08:58,19944,260,5185440
14:08:58,19944,260,5185440
14:08:58,19944,260,5185440
14:08:58,19944,260,5185440
14:08:58,19944,260,5185440
14:08:59,19944,260,5185440
14:08:59,19944,260,5185440
14:08:59,19944,260,5185440
14:08:59,19944,260,5185440
14:08:59,19944,260,5185440
14:08:59,19944,260,5185440
14:08:59,19944,260,5185440
14:08:59,19944,260,5185440
14:08:59,19944,260,5185440
14:08:59,19944,260,5185440
14:08:59,19944,260,5185440
14:08:59,19944,260,5185440
14:08:59,19944,260,5185440
14:08:59,19944,260,5185440
14:08:59,19944,260,5185440
14:08:59,19944,260,5185440
14:08:59,19944,260,5185440
14:08:59,19944,260,5185440
14:08:59,19944,260,5185440
14:08:59,19944,260,5185440
14:08:59,19944,260,5185440
14:08:59,19944,260,5185440
14:08:59,19944,260,5185440
14:08:59,19944,260,5185440
14:08:59,19944,260,5185440
14:08:59,19944,260,5185440
14:08:59,19944,260,5185440
14:08:59,19944,260,5185440
14:08:59,19944,260,5185440
14:08:59,19944,260,5185440
14:08:59,19944,260,5185440
14:08:59,19944,260,5185440
14:09:00,19944,260,5185440
14:09:00,19944,260,5185440
14:09:00,19944,260,5185440
14:09:00,19944,260,5185440
14:09:00,19944,260,5185440
14:09:00,19944,260,5185440
14:09:00,19944,260,5185440
14:09:00,19944,260,5185440
14:09:00,19944,260,5185440
14:09:00,19944,260,5185440
14:09:00,19944,260,5185440
14:09:00,19944,260,5185440
14:09:00,19944,260,5185440
14:09:00,19944,260,5185440
14:09:00,19944,260,5185440
14:09:00,19944,260,5185440
14:09:00,19944,260,5185440
14:09:00,19944,260,5185440
14:09:00,19944,260,5185440
14:09:00,19944,260,5185440
14:09:00,19944,260,5185440
14:09:00,19944,260,5185440
14:09:00,19944,260,5185440
14:09:00,19944,260,5185440
14:09:00,19944,260,5185440
14:09:00,19944,260,5185440
14:09:00,19944,260,5185440
14:09:00,19944,260,5185440
14:09:00,19944,280,5584320
14:09:00,19944,280,5584320
14:09:00,19944,280,5584320
14:09:01,19944,280,5584320
14:09:01,19944,280,5584320
14:09:01,19944,280,5584320
14:09:01,19944,280,5584320
14:09:01,19944,280,5584320
14:09:01,19944,280,5584320
14:09:01,19944,280,5584320
14:09:01,19944,280,5584320
14:09:01,19944,280,5584320
14:09:01,19944,280,5584320
14:09:01,19944,280,5584320
14:09:01,19944,280,5584320
14:09:01,19944,280,5584320
14:09:01,19944,280,5584320
14:09:01,19944,280,5584320
14:09:01,19944,280,5584320
14:09:01,19944,280,5584320
14:09:01,19944,260,5185440
14:09:01,19944,260,5185440
14:09:01,19944,260,5185440
14:09:01,19944,260,5185440
14:09:01,19944,260,5185440
14:09:01,19944,260,5185440
14:09:01,19944,260,5185440
14:09:01,19944,260,5185440
14:09:01,19944,260,5185440
14:09:01,19944,260,5185440
14:09:01,19944,260,5185440
14:09:01,19944,260,5185440
14:09:01,19944,280,5584320
14:09:01,19944,280,5584320
14:09:01,19944,280,5584320
14:09:02,19944,280,5584320
14:09:02,19944,280,5584320
14:09:02,19944,280,5584320
14:09:02,19944,280,5584320
14:09:02,19944,280,5584320
14:09:02,19944,280,5584320
14:09:02,19944,280,5584320
14:09:02,19944,280,5584320
14:09:02,19944,280,5584320
14:09:02,19944,280,5584320
14:09:02,19944,280,5584320
14:09:02,19944,280,5584320
14:09:02,19944,280,5584320
14:09:02,19944,280,5584320
14:09:02,19944,280,5584320
14:09:02,19944,280,5584320
14:09:02,19944,280,5584320
14:09:02,19944,280,5584320
14:09:02,19944,280,5584320
14:09:02,19944,280,5584320
14:09:02,19944,280,5584320
14:09:02,19944,280,5584320
14:09:02,19944,280,5584320
14:09:02,19944,280,5584320
14:09:02,19944,280,5584320
14:09:02,19944,280,5584320
14:09:02,19944,280,5584320
14:09:02,19944,280,5584320
14:09:02,19944,280,5584320
14:09:02,19944,280,5584320
14:09:02,19944,280,5584320
14:09:02,19944,280,5584320
14:09:02,19944,280,5584320
14:09:02,19944,280,5584320
14:09:03,19944,280,5584320
14:09:03,19944,280,5584320
14:09:03,19944,280,5584320
14:09:03,19944,280,5584320
14:09:03,19944,280,5584320
14:09:03,19944,280,5584320
14:09:03,19944,280,5584320
14:09:03,19944,280,5584320
14:09:03,19944,280,5584320
14:09:03,19944,280,5584320
14:09:03,19944,280,5584320
14:09:03,19944,280,5584320
14:09:03,19944,280,5584320
14:09:03,19944,280,5584320
14:09:03,19944,280,5584320
14:09:03,19944,280,5584320
14:09:03,19944,280,5584320
14:09:03,19944,280,5584320
14:09:03,19944,280,5584320
14:09:03,19944,280,5584320
14:09:03,19944,280,5584320
14:09:03,19944,280,5584320
14:09:03,19944,280,5584320
14:09:03,19944,280,5584320
14:09:03,19944,280,5584320
14:09:03,19944,280,5584320
14:09:03,19944,280,5584320
14:09:03,19944,280,5584320
14:09:03,19944,280,5584320
14:09:03,19944,280,5584320
14:09:03,19944,280,5584320
14:09:03,19944,280,5584320
14:09:03,19944,280,5584320
14:09:03,19944,280,5584320
14:09:04,19944,280,5584320
14:09:04,19944,280,5584320
14:09:04,19944,280,5584320
14:09:04,19944,280,5584320
14:09:04,19944,280,5584320
14:09:04,19944,280,5584320
14:09:04,19944,280,5584320
14:09:04,19944,280,5584320
14:09:04,19944,280,5584320
14:09:04,19944,280,5584320
14:09:04,19944,280,5584320
14:09:04,19944,280,5584320
14:09:04,19944,280,5584320
14:09:04,19944,280,5584320
14:09:04,19944,280,5584320
14:09:04,19944,280,5584320
14:09:04,19944,280,5584320
14:09:04,19944,280,5584320
14:09:04,19944,280,5584320
14:09:04,19944,280,5584320
14:09:04,19944,280,5584320
14:09:04,19944,280,5584320
14:09:04,19944,280,5584320
14:09:04,19944,280,5584320
14:09:04,19944,280,5584320
14:09:04,19944,280,5584320
14:09:04,19944,280,5584320
14:09:05,19944,280,5584320
14:09:05,19944,280,5584320
14:09:05,19944,280,5584320
14:09:05,19944,280,5584320
14:09:05,19944,280,5584320
14:09:05,19944,280,5584320
14:09:05,19944,280,5584320
14:09:05,19944,280,5584320
14:09:05,19944,280,5584320
14:09:05,19944,280,5584320
14:09:05,19944,280,5584320
14:09:05,19944,280,5584320
14:09:05,19944,280,5584320
14:09:05,19944,280,5584320
14:09:05,19944,280,5584320
14:09:05,19944,280,5584320
14:09:05,19944,280,5584320
14:09:05,19944,280,5584320
14:09:05,19944,280,5584320
14:09:05,19944,280,5584320
14:09:05,19944,280,5584320
14:09:05,19944,280,5584320
14:09:05,19944,280,5584320
14:09:05,19944,280,5584320
14:09:05,19944,280,5584320
14:09:05,19944,280,5584320
14:09:05,19944,280,5584320
14:09:05,19944,280,5584320
14:09:05,19944,280,5584320
14:09:05,19944,280,5584320
14:09:05,19944,280,5584320
14:09:05,19944,280,5584320
14:09:06,19944,280,5584320
14:09:06,19944,280,5584320
14:09:06,19944,280,5584320
14:09:06,19944,280,5584320
14:09:06,19944,280,5584320
14:09:06,19944,280,5584320
14:09:06,19944,280,5584320
14:09:06,19944,280,5584320
14:09:06,19944,280,5584320
14:09:06,19944,280,5584320
14:09:06,19944,280,5584320
14:09:06,19944,280,5584320
14:09:06,19944,280,5584320
14:09:06,19944,280,5584320
14:09:06,19944,280,5584320
14:09:06,19944,280,5584320
14:09:06,19944,280,5584320
14:09:06,19944,280,5584320
14:09:06,19944,280,5584320
14:09:06,19944,280,5584320
14:09:06,19944,280,5584320
14:09:06,19944,280,5584320
14:09:06,19944,280,5584320
14:09:06,19944,280,5584320
14:09:06,19944,280,5584320
14:09:06,19944,280,5584320
14:09:06,19944,280,5584320
14:09:06,19944,280,5584320
14:09:06,19944,280,5584320
14:09:06,19944,280,5584320
14:09:06,19944,280,5584320
14:09:06,19944,280,5584320
14:09:06,19944,260,5185440
14:09:06,19944,260,5185440
14:09:06,19944,260,5185440
14:09:07,19944,260,5185440
14:09:07,19944,260,5185440
14:09:07,19944,260,5185440
14:09:07,19944,260,5185440
14:09:07,19944,260,5185440
14:09:07,19944,260,5185440
14:09:07,19944,260,5185440
14:09:07,19944,260,5185440
14:09:07,19944,260,5185440
14:09:07,19944,260,5185440
14:09:07,19944,260,5185440
14:09:07,19944,260,5185440
14:09:07,19944,260,5185440
14:09:07,19944,260,5185440
14:09:07,19944,260,5185440
14:09:07,19944,260,5185440
14:09:07,19944,260,5185440
14:09:07,19944,260,5185440
14:09:07,19944,260,5185440
14:09:07,19944,260,5185440
14:09:07,19944,260,5185440
14:09:07,19944,260,5185440
14:09:07,19944,260,5185440
14:09:07,19944,260,5185440
14:09:07,19944,260,5185440
14:09:07,19944,260,5185440
14:09:07,19944,260,5185440
14:09:07,19944,260,5185440
14:09:07,19944,260,5185440
14:09:07,19944,260,5185440
14:09:07,19944,260,5185440
14:09:07,19944,260,5185440
14:09:07,19944,260,5185440
14:09:07,19944,260,5185440
14:09:07,19944,260,5185440
14:09:08,19944,260,5185440
14:09:08,19944,260,5185440
14:09:08,19944,260,5185440
14:09:08,19944,260,5185440
14:09:08,19944,260,5185440
14:09:08,19944,260,5185440
14:09:08,19944,260,5185440
14:09:08,19944,260,5185440
14:09:08,19944,260,5185440
14:09:08,19944,260,5185440
14:09:08,19944,260,5185440
14:09:08,19944,260,5185440
14:09:08,19944,260,5185440
14:09:08,19944,260,5185440
14:09:08,19944,260,5185440
14:09:08,19944,260,5185440
14:09:08,19944,260,5185440
14:09:08,19944,260,5185440
14:09:08,19944,260,5185440
14:09:08,19944,260,5185440
14:09:08,19944,260,5185440
14:09:08,19944,260,5185440
14:09:08,19944,260,5185440
14:09:08,19944,260,5185440
14:09:08,19944,260,5185440
14:09:08,19944,260,5185440
14:09:08,19944,260,5185440
14:09:08,19944,260,5185440
14:09:08,19944,260,5185440
14:09:08,19944,260,5185440
14:09:08,19944,260,5185440
14:09:08,19944,260,5185440
14:09:08,19944,260,5185440
14:09:08,19944,260,5185440
14:09:08,19944,260,5185440
14:09:09,19944,260,5185440
14:09:09,19944,260,5185440
14:09:09,19944,260,5185440
14:09:09,19944,260,5185440
14:09:09,19944,260,5185440
14:09:09,19944,260,5185440
14:09:09,19944,260,5185440
14:09:09,19944,260,5185440
14:09:09,19944,260,5185440
14:09:09,19944,260,5185440
14:09:09,19944,260,5185440
14:09:09,19944,260,5185440
14:09:09,19944,260,5185440
14:09:09,19944,260,5185440
14:09:09,19944,260,5185440
14:09:09,19944,260,5185440
14:09:09,19944,260,5185440
14:09:09,19944,260,5185440
14:09:09,19944,260,5185440
14:09:09,19944,260,5185440
14:09:09,19944,260,5185440
14:09:09,19944,260,5185440
14:09:09,19944,260,5185440
14:09:09,19944,260,5185440
14:09:09,19944,260,5185440
14:09:09,19944,260,5185440
14:09:09,19944,260,5185440
14:09:09,19944,260,5185440
14:09:09,19944,260,5185440
14:09:09,19944,260,5185440
14:09:09,19944,260,5185440
14:09:09,19944,260,5185440
14:09:10,19944,260,5185440
14:09:10,19944,260,5185440
14:09:10,19944,260,5185440
14:09:10,19944,260,5185440
14:09:10,19944,260,5185440
14:09:10,19944,260,5185440
14:09:10,19944,260,5185440
14:09:10,19944,260,5185440
14:09:10,19944,260,5185440
14:09:10,19944,260,5185440
14:09:10,19944,280,5584320
14:09:10,19944,280,5584320
14:09:10,19944,280,5584320
14:09:10,19944,260,5185440
14:09:10,19944,280,5584320
14:09:10,19944,280,5584320
14:09:10,19944,280,5584320
14:09:10,19944,280,5584320
14:09:10,19944,280,5584320
14:09:10,19944,280,5584320
14:09:10,19944,280,5584320
14:09:10,19944,280,5584320
14:09:10,19944,280,5584320
14:09:10,19944,280,5584320
14:09:10,19944,280,5584320
14:09:10,19944,260,5185440
14:09:10,19944,260,5185440
14:09:10,19944,260,5185440
14:09:10,19944,260,5185440
14:09:10,19944,260,5185440
14:09:10,19944,260,5185440
14:09:10,19944,280,5584320
14:09:11,19944,280,5584320
14:09:11,19944,280,5584320
14:09:11,19944,280,5584320
14:09:11,19944,280,5584320
14:09:11,19944,280,5584320
14:09:11,19944,280,5584320
14:09:11,19944,280,5584320
14:09:11,19944,280,5584320
14:09:11,19944,280,5584320
14:09:11,19944,280,5584320
14:09:11,19944,280,5584320
14:09:11,19944,280,5584320
14:09:11,19944,280,5584320
14:09:11,19944,260,5185440
14:09:11,19944,260,5185440
14:09:11,19944,260,5185440
14:09:11,19944,260,5185440
14:09:11,19944,260,5185440
14:09:11,19944,260,5185440
14:09:11,19944,260,5185440
14:09:11,19944,260,5185440
14:09:11,19944,260,5185440
14:09:11,19944,260,5185440
14:09:11,19944,260,5185440
14:09:11,19944,260,5185440
14:09:11,19944,260,5185440
14:09:11,19944,260,5185440
14:09:11,19944,260,5185440
14:09:11,19944,260,5185440
14:09:11,19944,260,5185440
14:09:11,19944,260,5185440
14:09:11,19944,260,5185440
14:09:12,19944,260,5185440
14:09:12,19944,260,5185440
14:09:12,19944,260,5185440
14:09:12,19944,260,5185440
14:09:12,19944,260,5185440
14:09:12,19944,260,5185440
14:09:12,19944,260,5185440
14:09:12,19944,260,5185440
14:09:12,19944,260,5185440
14:09:12,19944,260,5185440
14:09:12,19944,260,5185440
14:09:12,19944,260,5185440
14:09:12,19944,260,5185440
14:09:12,19944,260,5185440
14:09:12,19944,260,5185440
14:09:12,19944,260,5185440
14:09:12,19944,260,5185440
14:09:12,19944,260,5185440
14:09:12,19944,260,5185440
14:09:12,19944,260,5185440
14:09:12,19944,260,5185440
14:09:12,19944,260,5185440
14:09:12,19944,260,5185440
14:09:12,19944,260,5185440
14:09:12,19944,260,5185440
14:09:12,19944,260,5185440
14:09:12,19944,260,5185440
14:09:12,19944,260,5185440
14:09:12,19944,260,5185440
14:09:12,19944,260,5185440
14:09:12,19944,260,5185440
14:09:12,19944,260,5185440
14:09:13,19944,260,5185440
14:09:13,19944,260,5185440
14:09:13,19944,260,5185440
14:09:13,19944,260,5185440
14:09:13,19944,260,5185440
14:09:13,19944,260,5185440
14:09:13,19944,260,5185440
14:09:13,19944,260,5185440
14:09:13,19944,260,5185440
14:09:13,19944,260,5185440
14:09:13,19944,260,5185440
14:09:13,19944,260,5185440
14:09:13,19944,260,5185440
14:09:13,19944,260,5185440
14:09:13,19944,260,5185440
14:09:13,19944,260,5185440
14:09:13,19944,260,5185440
14:09:13,19944,260,5185440
14:09:13,19944,260,5185440
14:09:13,19944,260,5185440
14:09:13,19944,260,5185440
14:09:13,19944,260,5185440
14:09:13,19944,260,5185440
14:09:13,19944,260,5185440
14:09:13,19944,260,5185440
14:09:13,19944,260,5185440
14:09:13,19944,260,5185440
14:09:13,19944,260,5185440
14:09:13,19944,260,5185440
14:09:13,19944,260,5185440
14:09:13,19944,260,5185440
14:09:13,19944,260,5185440
14:09:13,19944,260,5185440
14:09:14,19944,260,5185440
14:09:14,19944,260,5185440
14:09:14,19944,260,5185440
14:09:14,19944,260,5185440
14:09:14,19944,260,5185440
14:09:14,19944,260,5185440
14:09:14,19944,260,5185440
14:09:14,19944,260,5185440
14:09:14,19944,260,5185440
14:09:14,19944,260,5185440
14:09:14,19944,260,5185440
14:09:14,19944,260,5185440
14:09:14,19944,260,5185440
14:09:14,19944,260,5185440
14:09:14,19944,260,5185440
14:09:14,19944,260,5185440
14:09:14,19944,260,5185440
14:09:14,19944,260,5185440
14:09:14,19944,260,5185440
14:09:14,19944,260,5185440
14:09:14,19944,260,5185440
14:09:14,19944,260,5185440
14:09:14,19944,260,5185440
14:09:14,19944,260,5185440
14:09:14,19944,260,5185440
14:09:14,19944,260,5185440
14:09:14,19944,260,5185440
14:09:14,19944,260,5185440
14:09:14,19944,260,5185440
14:09:14,19944,260,5185440
14:09:14,19944,260,5185440
14:09:14,19944,260,5185440
14:09:15,19944,260,5185440
14:09:15,19944,260,5185440
14:09:15,19944,260,5185440
14:09:15,19944,260,5185440
14:09:15,19944,260,5185440
14:09:15,19944,260,5185440
14:09:15,19944,260,5185440
14:09:15,19944,260,5185440
14:09:15,19944,260,5185440
14:09:15,19944,260,5185440
14:09:15,19944,260,5185440
14:09:15,19944,260,5185440
14:09:15,19944,260,5185440
14:09:15,19944,260,5185440
14:09:15,19944,260,5185440
14:09:15,19944,260,5185440
14:09:15,19944,260,5185440
14:09:15,19944,260,5185440
14:09:15,19944,260,5185440
14:09:15,19944,260,5185440
14:09:15,19944,260,5185440
14:09:15,19944,260,5185440
14:09:15,19944,260,5185440
14:09:15,19944,260,5185440
14:09:15,19944,260,5185440
14:09:15,19944,260,5185440
14:09:15,19944,260,5185440
14:09:15,19944,260,5185440
14:09:15,19944,260,5185440
14:09:15,19944,260,5185440
14:09:15,19944,260,5185440
14:09:15,19944,260,5185440
14:09:16,19944,260,5185440
14:09:16,19944,260,5185440
14:09:16,19944,260,5185440
14:09:16,19944,260,5185440
14:09:16,19944,260,5185440
14:09:16,19944,260,5185440
14:09:16,19944,260,5185440
14:09:16,19944,260,5185440
14:09:16,19944,260,5185440
14:09:16,19944,260,5185440
14:09:16,19944,260,5185440
14:09:16,19944,260,5185440
14:09:16,19944,260,5185440
14:09:16,19944,260,5185440
14:09:16,19944,260,5185440
14:09:16,19944,260,5185440
14:09:16,19944,260,5185440
14:09:16,19944,260,5185440
14:09:16,19944,260,5185440
14:09:16,19944,260,5185440
14:09:16,19944,260,5185440
14:09:16,19944,260,5185440
14:09:16,19944,260,5185440
14:09:16,19944,260,5185440
14:09:16,19944,260,5185440
14:09:16,19944,260,5185440
14:09:16,19944,260,5185440
14:09:16,19944,260,5185440
14:09:16,19944,260,5185440
14:09:16,19944,260,5185440
14:09:16,19944,260,5185440
14:09:16,19944,260,5185440
14:09:16,19944,260,5185440
14:09:17,19944,260,5185440
14:09:17,19944,260,5185440
14:09:17,19944,260,5185440
14:09:17,19944,260,5185440
14:09:17,19944,260,5185440
14:09:17,19944,260,5185440
14:09:17,19944,260,5185440
14:09:17,19944,260,5185440
14:09:17,19944,260,5185440
14:09:17,19944,260,5185440
14:09:17,19944,260,5185440
14:09:17,19944,260,5185440
14:09:17,19944,260,5185440
14:09:17,19944,260,5185440
14:09:17,19944,260,5185440
14:09:17,19944,260,5185440
14:09:17,19944,260,5185440
14:09:17,19944,260,5185440
14:09:17,19944,260,5185440
14:09:17,19944,260,5185440
14:09:17,19944,260,5185440
14:09:17,19944,260,5185440
14:09:17,19944,260,5185440
14:09:17,19944,280,5584320
14:09:17,19944,280,5584320
14:09:17,19944,280,5584320
14:09:17,19944,280,5584320
14:09:17,19944,280,5584320
14:09:17,19944,280,5584320
14:09:17,19944,280,5584320
14:09:17,19944,280,5584320
14:09:17,19944,280,5584320
14:09:17,19944,280,5584320
14:09:17,19944,280,5584320
14:09:18,19944,280,5584320
14:09:18,19944,280,5584320
14:09:18,19944,280,5584320
14:09:18,19944,280,5584320
14:09:18,19944,280,5584320
14:09:18,19944,280,5584320
14:09:18,19944,280,5584320
14:09:18,19944,280,5584320
14:09:18,19944,280,5584320
14:09:18,19944,280,5584320
14:09:18,19944,280,5584320
14:09:18,19944,280,5584320
14:09:18,19944,280,5584320
14:09:18,19944,280,5584320
14:09:18,19944,280,5584320
14:09:18,19944,280,5584320
14:09:18,19944,280,5584320
14:09:18,19944,280,5584320
14:09:18,19944,280,5584320
14:09:18,19944,280,5584320
14:09:18,19944,280,5584320
14:09:18,19944,280,5584320
14:09:18,19944,280,5584320
14:09:18,19944,260,5185440
14:09:18,19944,260,5185440
14:09:18,19944,260,5185440
14:09:18,19944,260,5185440
14:09:18,19944,260,5185440
14:09:18,19944,260,5185440
14:09:18,19944,260,5185440
